id,name,model_id:id,group_id:id,perm_read,perm_write,perm_create,perm_unlink
access_restagrup_menu_selection_wizard,restagrup.menu.selection.wizard,model_restagrup_menu_selection_wizard,base.group_user,1,1,1,1
access_restagrup_menu_selection_wizard_line,restagrup.menu.selection.wizard.line,model_restagrup_menu_selection_wizard_line,base.group_user,1,1,1,1
access_restagrup_notice_template_user,restagrup.notice.template user,model_restagrup_notice_template,base.group_user,1,1,1,0
access_restagrup_notice_template_manager,restagrup.notice.template manager,model_restagrup_notice_template,base.group_system,1,1,1,1
access_restagrup_restaurant_notice,restagrup.restaurant.notice,model_restagrup_restaurant_notice,base.group_user,1,1,1,0
access_restagrup_restaurant_notice_wizard,restagrup.restaurant.notice.wizard,model_restagrup_restaurant_notice_wizard,base.group_user,1,1,1,1
access_restagrup_restaurant_notice_wizard_line,restagrup.restaurant.notice.wizard.line,model_restagrup_restaurant_notice_wizard_line,base.group_user,1,1,1,1
access_restagrup_restaurant_change_wizard,restagrup.restaurant.change.wizard,model_restagrup_restaurant_change_wizard,base.group_user,1,1,1,1
access_restagrup_firewall_check_user,restagrup.firewall.check user,model_restagrup_firewall_check,base.group_user,1,0,0,0
access_restagrup_firewall_check_manager,restagrup.firewall.check manager,model_restagrup_firewall_check,base.group_system,1,1,1,1
access_restagrup_firewall_wizard,restagrup.firewall.wizard,model_restagrup_firewall_wizard,base.group_user,1,1,1,1
